brand;name;product_type;shade;price;old_price;url;image_url;r;g;b;hex
Bourjois;Healthy mix clean & vegan serum;Тональная сыворотка для лица;;1097;1591;https://goldapple.ru/19000239373-healthy-mix-serum;https://pcdn.goldapple.ru/p/p/19000239373/web/746f6e658ddc56c8b4fabe4.jpg;231;191;155;#e7bf9b
Bourjois;Healthy mix clean & vegan serum;Тональная сыворотка для лица;;1097;1591;https://goldapple.ru/19000239373-healthy-mix-serum;https://pcdn.goldapple.ru/p/p/19000239372/web/746f6e658ddc56c8b499bb9.jpg;241;209;184;#f1d1b8
Bourjois;Healthy mix clean & vegan serum;Тональная сыворотка для лица;;1097;1591;https://goldapple.ru/19000239373-healthy-mix-serum;https://pcdn.goldapple.ru/p/p/19000239374/web/746f6e658ddc56c8f0f7cd2.jpg;235;200;170;#ebc8aa
Rimmel;MultiTasker Better Than Filters;Многофункциональная тональная основа для лица;;710;1341;https://goldapple.ru/19000313808-multitasker-better-than-filters;https://pcdn.goldapple.ru/p/p/19000313808/web/746f6e658ddc5b96f17ed75.jpg;196;148;126;#c4947e
Rimmel;MultiTasker Better Than Filters;Многофункциональная тональная основа для лица;;710;1341;https://goldapple.ru/19000313808-multitasker-better-than-filters;https://pcdn.goldapple.ru/p/p/19000313804/web/746f6e658ddc5b96fa8b8f4.jpg;211;162;122;#d3a27a
Rimmel;MultiTasker Better Than Filters;Многофункциональная тональная основа для лица;;710;1341;https://goldapple.ru/19000313808-multitasker-better-than-filters;https://pcdn.goldapple.ru/p/p/19000313805/web/746f6e658ddc5b96e6c2bbe.jpg;192;151;121;#c09779
B.COLOUR PROFESSIONAL;увлажняющий;СС крем для лица 3в1;;688;1229;https://goldapple.ru/19000197991-b-colour-pro-capsule;https://pcdn.goldapple.ru/p/p/19000197991/web/746f6e658ddc55a915f2cdc.jpg;220;192;178;#dcc0b2
B.COLOUR PROFESSIONAL;увлажняющий;СС крем для лица 3в1;;688;1229;https://goldapple.ru/19000197991-b-colour-pro-capsule;https://pcdn.goldapple.ru/p/p/19000197992/web/746f6e658ddc55a918b6dc5.jpg;222;178;151;#deb297
JANE IREDALE;Skintuition radiance-boosting liquid foundation;Тональный флюид для лица SPF 30;;6096;7620;https://goldapple.ru/19000434978-skintuition-radiance-boosting-liquid-foundation;https://pcdn.goldapple.ru/p/p/19000434978/web/746f6e655f34303531633963626334656134636238623363373033373762373933623235638de6fc32c5e0ba8.jpg;223;150;95;#df965f
JANE IREDALE;Skintuition radiance-boosting liquid foundation;Тональный флюид для лица SPF 30;;6096;7620;https://goldapple.ru/19000434978-skintuition-radiance-boosting-liquid-foundation;https://pcdn.goldapple.ru/p/p/19000434965/web/746f6e655f66356465383833303463353734346236613738363866333466306162373161618de6fc2df6c0ea8.jpg;243;209;174;#f3d1ae
JANE IREDALE;Skintuition radiance-boosting liquid foundation;Тональный флюид для лица SPF 30;;6096;7620;https://goldapple.ru/19000434978-skintuition-radiance-boosting-liquid-foundation;https://pcdn.goldapple.ru/p/p/19000434966/web/746f6e655f37656662663630636163616334663639383062353462626663383632386465638de6fe0713ebe65.jpg;246;196;163;#f6c4a3
LUXVISAGE;CC Active complex;Крем тональный SPF10;;347;497;https://goldapple.ru/19000053850-cc-active-complex;https://pcdn.goldapple.ru/p/p/19000053850/web/746f6e658ddc4c48b4236dd.jpg;235;220;201;#ebdcc9
LUXVISAGE;CC Active complex;Крем тональный SPF10;;347;497;https://goldapple.ru/19000053850-cc-active-complex;https://pcdn.goldapple.ru/p/p/19000053851/web/746f6e658ddc4c4e99d5e93.jpg;240;222;200;#f0dec8
LUXVISAGE;CC Active complex;Крем тональный SPF10;;347;497;https://goldapple.ru/19000053850-cc-active-complex;https://pcdn.goldapple.ru/p/p/19000053852/web/746f6e658ddc4c4ea7b9634.jpg;244;219;199;#f4dbc7
3INA;The 3in1 Foundation;Тональный крем SPF 15;;672;2243;https://goldapple.ru/19000156270-the-3in1-foundation;https://pcdn.goldapple.ru/p/p/19000156270/web/746f6e658ddc53abc3394d8.jpg;211;150;85;#d39655
3INA;The 3in1 Foundation;Тональный крем SPF 15;;672;2243;https://goldapple.ru/19000156270-the-3in1-foundation;https://pcdn.goldapple.ru/p/p/19000112378/web/746f6e658ddc53ab31b8089.jpg;231;206;175;#e7ceaf
3INA;The 3in1 Foundation;Тональный крем SPF 15;;672;2243;https://goldapple.ru/19000156270-the-3in1-foundation;https://pcdn.goldapple.ru/p/p/19000112380/web/746f6e658ddc53b015ddc83.jpg;214;172;134;#d6ac86
FOR ME by gold apple;Cushion SPF 50/PA++++;Кушон для лица тональный;;1440;1600;https://goldapple.ru/19000390075-cushion-spf-50-pa;https://pcdn.goldapple.ru/p/p/19000390075/web/746f6e655f37333530366131393663386534663765623535363864393831303862636163618de1dc47fabf639.jpg;228;184;149;#e4b895
FOR ME by gold apple;Cushion SPF 50/PA++++;Кушон для лица тональный;;1440;1600;https://goldapple.ru/19000390075-cushion-spf-50-pa;https://pcdn.goldapple.ru/p/p/19000390076/web/746f6e655f32333761353635373034323234303634626134336564646433323337323034668de1dc4800d7447.jpg;224;171;131;#e0ab83
FOR ME by gold apple;Cushion SPF 50/PA++++;Кушон для лица тональный;;1440;1600;https://goldapple.ru/19000390075-cushion-spf-50-pa;https://pcdn.goldapple.ru/p/p/19000390077/web/746f6e655f66356339323061613535643834396139383062383366663035363062626630338de1dc4809e4a06.jpg;222;161;117;#dea175
WAKEMAKE;Seamless wear foundation;Тональный крем для лица;;3477;6818;https://goldapple.ru/19000434374-seamless-wear-foundation;https://pcdn.goldapple.ru/p/p/19000434374/web/746f6e655f65323431323332613233333434353461396337336336643263356234613230398ddd8c612b39122.jpg;240;197;152;#f0c598
WAKEMAKE;Seamless wear foundation;Тональный крем для лица;;3477;6818;https://goldapple.ru/19000434374-seamless-wear-foundation;https://pcdn.goldapple.ru/p/p/19000434372/web/746f6e655f65633337663264333838646234623639626431303462623661373834336263378ddd8c614a82cc8.jpg;245;204;152;#f5cc98
WAKEMAKE;Seamless wear foundation;Тональный крем для лица;;3477;6818;https://goldapple.ru/19000434374-seamless-wear-foundation;https://pcdn.goldapple.ru/p/p/19000434373/web/746f6e655f33633766626637346533316534346236613631336537326330653964633564658ddd8c61231fe45.jpg;240;193;137;#f0c189
Lic;Soft Velvet;Тональный крем для лица;;1511;2256;https://goldapple.ru/19000063388-soft-velvet;https://pcdn.goldapple.ru/p/p/19000063388/web/746f6e658ddc4d7615bb401.jpg;229;192;163;#e5c0a3
Lic;Soft Velvet;Тональный крем для лица;;1511;2256;https://goldapple.ru/19000063388-soft-velvet;https://pcdn.goldapple.ru/p/p/19000063387/web/746f6e658ddc4d5f7a531b5.jpg;237;213;189;#edd5bd
Lic;Soft Velvet;Тональный крем для лица;;1511;2256;https://goldapple.ru/19000063388-soft-velvet;https://pcdn.goldapple.ru/p/p/19000063389/web/746f6e658ddc4d5f739c137.jpg;233;199;171;#e9c7ab
SHIKstudio;Skin Impression foundation;Тональный крем для лица SPF 50;;1791;2212;https://goldapple.ru/19000305868-skin-impression-foundation;https://pcdn.goldapple.ru/p/p/19000305868/web/746f6e658ddc58cf80241a8.jpg;224;186;147;#e0ba93
SHIKstudio;Skin Impression foundation;Тональный крем для лица SPF 50;;1791;2212;https://goldapple.ru/19000305868-skin-impression-foundation;https://pcdn.goldapple.ru/p/p/19000305866/web/746f6e658ddc58cfb295b88.jpg;224;193;164;#e0c1a4
SHIKstudio;Skin Impression foundation;Тональный крем для лица SPF 50;;1791;2212;https://goldapple.ru/19000305868-skin-impression-foundation;https://pcdn.goldapple.ru/p/p/19000305867/web/746f6e658ddc58cfb0f6390.jpg;225;192;157;#e1c09d
Sothys;Hydrating Tinted Care;Увлажняющий тональный крем для лица;;6006;8580;https://goldapple.ru/19000283035-hydrating-tinted-care;https://pcdn.goldapple.ru/p/p/19000283035/web/746f6e658ddc57e6c02d957.jpg;225;148;70;#e19446
Sothys;Hydrating Tinted Care;Увлажняющий тональный крем для лица;;6006;8580;https://goldapple.ru/19000283035-hydrating-tinted-care;https://pcdn.goldapple.ru/p/p/19000283033/web/746f6e658ddc57e6c92d30f.jpg;223;178;139;#dfb28b
Sothys;Hydrating Tinted Care;Увлажняющий тональный крем для лица;;6006;8580;https://goldapple.ru/19000283035-hydrating-tinted-care;https://pcdn.goldapple.ru/p/p/19000283034/web/746f6e658ddc57e6bd44590.jpg;234;172;133;#eaac85
Yadah;BE MY CUSHION;Тональное средство-кушон SPF50+/PA+++;;1479;1741;https://goldapple.ru/99801300002-be-my-cushion;https://pcdn.goldapple.ru/p/p/99801300002/web/746f6e658ddc40637efba10.jpg;255;233;212;#ffe9d4
Yadah;BE MY CUSHION;Тональное средство-кушон SPF50+/PA+++;;1479;1741;https://goldapple.ru/99801300002-be-my-cushion;https://pcdn.goldapple.ru/p/p/99801300003/web/746f6e658ddc40637e4f52c.jpg;225;189;155;#e1bd9b
LUXVISAGE;Skin evolution soft matte blur effect;Тональный крем для лица;;290;454;https://goldapple.ru/19000344228-skin-evolution-soft-matte-blur-effect;https://pcdn.goldapple.ru/p/p/19000344228/web/746f6e658ddc5a96e734a13.jpg;237;205;167;#edcda7
LUXVISAGE;Skin evolution soft matte blur effect;Тональный крем для лица;;290;454;https://goldapple.ru/19000344228-skin-evolution-soft-matte-blur-effect;https://pcdn.goldapple.ru/p/p/19000025966/web/746f6e658ddc49dd78b26ad.jpg;230;200;172;#e6c8ac
LUXVISAGE;Skin evolution soft matte blur effect;Тональный крем для лица;;290;454;https://goldapple.ru/19000344228-skin-evolution-soft-matte-blur-effect;https://pcdn.goldapple.ru/p/p/19000025967/web/746f6e658ddc49dcb953bc8.jpg;227;200;171;#e3c8ab
Missha;Perfect Cover;Тональный BB крем для лица SPF 42 PA+++;;799;2070;https://goldapple.ru/9482000001-perfect-coverage-bb-cream;https://pcdn.goldapple.ru/p/p/9482000001/web/746f6e658ddc3ae17630605.jpg;242;221;200;#f2ddc8
Missha;Perfect Cover;Тональный BB крем для лица SPF 42 PA+++;;799;2070;https://goldapple.ru/9482000001-perfect-coverage-bb-cream;https://pcdn.goldapple.ru/p/p/19000015851/web/746f6e658ddc3ae75bcb39a.jpg;221;202;188;#ddcabc
Missha;Perfect Cover;Тональный BB крем для лица SPF 42 PA+++;;799;2070;https://goldapple.ru/9482000001-perfect-coverage-bb-cream;https://pcdn.goldapple.ru/p/p/19000149602/web/746f6e658ddc531fe44df9f.jpg;227;178;135;#e3b287
WAKEMAKE;Water glow coating balm;Компактная тональная основа для лица;;3239;6351;https://goldapple.ru/19000410907-water-glow-coating-balm;https://pcdn.goldapple.ru/p/p/19000410907/web/746f6e655f38646335333831616432346334663436623638663961383366663034393236398ddc91f34e9d8a5.jpg;244;198;162;#f4c6a2
AGE 20s;Silky Fixing Pact;Матовая тональная основа-кушон для лица SPF 50+ с рефилом;;2058;2287;https://goldapple.ru/19000420274-silky-fixing-pact;https://pcdn.goldapple.ru/p/p/19000420274/web/746f6e655f64363063623531633462353934323031383038666565303366633532323062618de282ac6eda431.jpg;233;212;193;#e9d4c1
AGE 20s;Silky Fixing Pact;Матовая тональная основа-кушон для лица SPF 50+ с рефилом;;2058;2287;https://goldapple.ru/19000420274-silky-fixing-pact;https://pcdn.goldapple.ru/p/p/19000420273/web/746f6e655f31653734623661396634643234323061393539313238613266386266663435628de282aa60c99a7.jpg;243;225;211;#f3e1d3
Layla Cosmetics;FONDOCIPRIA;Матовая тональная основа;;1375;2501;https://goldapple.ru/19000211502-fondocipria;https://pcdn.goldapple.ru/p/p/19000211502/web/746f6e658ddc55ceeacd595.jpg;219;179;143;#dbb38f
Layla Cosmetics;FONDOCIPRIA;Матовая тональная основа;;1375;2501;https://goldapple.ru/19000211502-fondocipria;https://pcdn.goldapple.ru/p/p/19000211500/web/746f6e658ddc55cee466257.jpg;224;190;163;#e0bea3
Layla Cosmetics;FONDOCIPRIA;Матовая тональная основа;;1375;2501;https://goldapple.ru/19000211502-fondocipria;https://pcdn.goldapple.ru/p/p/19000211501/web/746f6e658ddc55cee6bf5ed.jpg;217;184;149;#d9b895
ORJENA;Comfort Air Fit;BB-крем для лица;;1846;2840;https://goldapple.ru/19000061532-comfort-air-fit-bb-cream;https://pcdn.goldapple.ru/p/p/19000061532/web/746f6e658ddc4d11accefbc.jpg;215;178;134;#d7b286
ORJENA;Comfort Air Fit;BB-крем для лица;;1846;2840;https://goldapple.ru/19000061532-comfort-air-fit-bb-cream;https://pcdn.goldapple.ru/p/p/19000061533/web/746f6e658ddc4d132ef4684.jpg;209;164;122;#d1a47a
ORJENA;Comfort Air Fit;BB-крем для лица;;1846;2840;https://goldapple.ru/19000061532-comfort-air-fit-bb-cream;https://pcdn.goldapple.ru/p/p/19000284885/web/746f6e658ddc5a249b64d2c.jpg;224;193;172;#e0c1ac
Max Factor;Miracle pure skin-improving 24h;Тональная основа для лица SPF 30;;1054;1485;https://goldapple.ru/19000034048-miracle-pure;https://pcdn.goldapple.ru/p/p/19000034048/web/746f6e658ddc4aa2f963dd1.jpg;231;208;166;#e7d0a6
Max Factor;Miracle pure skin-improving 24h;Тональная основа для лица SPF 30;;1054;1485;https://goldapple.ru/19000034048-miracle-pure;https://pcdn.goldapple.ru/p/p/19000034046/web/746f6e658ddc4aa220f3b6e.jpg;242;212;178;#f2d4b2
Max Factor;Miracle pure skin-improving 24h;Тональная основа для лица SPF 30;;1054;1485;https://goldapple.ru/19000034048-miracle-pure;https://pcdn.goldapple.ru/p/p/19000034047/web/746f6e658ddc4aa221b12a7.jpg;212;163;123;#d4a37b
LUXVISAGE;Aqua veil hyaluron complex;Тональный крем-флюид для лица;;408;609;https://goldapple.ru/19000398640-aqua-veil-hyaluron-complex;https://pcdn.goldapple.ru/p/p/19000398640/web/746f6e658ddc5d10f9e8c91.jpg;245;208;166;#f5d0a6
LUXVISAGE;Aqua veil hyaluron complex;Тональный крем-флюид для лица;;408;609;https://goldapple.ru/19000398640-aqua-veil-hyaluron-complex;https://pcdn.goldapple.ru/p/p/19000398638/web/746f6e658ddc5d10e5909bb.jpg;234;200;163;#eac8a3
LUXVISAGE;Aqua veil hyaluron complex;Тональный крем-флюид для лица;;408;609;https://goldapple.ru/19000398640-aqua-veil-hyaluron-complex;https://pcdn.goldapple.ru/p/p/19000398639/web/746f6e658ddc5d10fb0a4a4.jpg;225;185;134;#e1b986
SHIKstudio;Perfect liquid foundation;Тональный крем для лица;;1701;2100;https://goldapple.ru/19000145949-perfect-liquid-foundation;https://pcdn.goldapple.ru/p/p/19000145949/web/746f6e658ddc528060e71aa.jpg;234;187;143;#eabb8f
SHIKstudio;Perfect liquid foundation;Тональный крем для лица;;1701;2100;https://goldapple.ru/19000145949-perfect-liquid-foundation;https://pcdn.goldapple.ru/p/p/19000058255/web/746f6e658ddc4cacf7a1a8c.jpg;243;200;155;#f3c89b
SHIKstudio;Perfect liquid foundation;Тональный крем для лица;;1701;2100;https://goldapple.ru/19000145949-perfect-liquid-foundation;https://pcdn.goldapple.ru/p/p/19000058256/web/746f6e658ddc4cac5f76ceb.jpg;242;197;158;#f2c59e
Avon;Make up + care matte;Матирующий тональный крем для лица;;735;886;https://goldapple.ru/19000472181-make-up-care-matte;https://pcdn.goldapple.ru/p/p/19000472181/web/746f6e655f36646438613333383836626134383036393732363361623266383830646430308de1913408ec544.jpg;235;185;136;#ebb988
Avon;Make up + care matte;Матирующий тональный крем для лица;;735;886;https://goldapple.ru/19000472181-make-up-care-matte;https://pcdn.goldapple.ru/p/p/19000472176/web/746f6e655f33663363363866333338626334653739386461353733646433353934653932328de1913321537df.jpg;254;228;205;#fee4cd
Avon;Make up + care matte;Матирующий тональный крем для лица;;735;886;https://goldapple.ru/19000472181-make-up-care-matte;https://pcdn.goldapple.ru/p/p/19000472177/web/746f6e655f63303536633534666534323734333965623935333631303562613463343032348de191335ba0e90.jpg;251;221;183;#fbddb7
MAC;Studio Fix ​Fluid 24HR Matte;Тональная основа spf 15;;3367;4490;https://goldapple.ru/19000279866-studio-fix-fluid-24hr-matte;https://pcdn.goldapple.ru/p/p/19000279866/web/746f6e658ddc58015c1fbb1.jpg;230;200;172;#e6c8ac
MAC;Studio Fix ​Fluid 24HR Matte;Тональная основа spf 15;;3367;4490;https://goldapple.ru/19000279866-studio-fix-fluid-24hr-matte;https://pcdn.goldapple.ru/p/p/19000279842/web/746f6e655f34396435343933373861616634333932613333326634653466633033326338328de61832bce3015.jpg;246;197;157;#f6c59d
MAC;Studio Fix ​Fluid 24HR Matte;Тональная основа spf 15;;3367;4490;https://goldapple.ru/19000279866-studio-fix-fluid-24hr-matte;https://pcdn.goldapple.ru/p/p/19000279843/web/746f6e655f64643639383736396637393834633763613937663463306361343464323633658de6000b2090d76.jpg;246;190;139;#f6be8b
3INA;The 24h Foundation;Тональная основа;;1452;2640;https://goldapple.ru/3264700011-the-24h-foundation;https://pcdn.goldapple.ru/p/p/3264700011/web/746f6e658ddc440f0685c26.jpg;236;202;164;#eccaa4
3INA;The 24h Foundation;Тональная основа;;1452;2640;https://goldapple.ru/3264700011-the-24h-foundation;https://pcdn.goldapple.ru/p/p/3264700002/web/746f6e658ddc440bca0fea2.jpg;243;209;171;#f3d1ab
3INA;The 24h Foundation;Тональная основа;;1452;2640;https://goldapple.ru/3264700011-the-24h-foundation;https://pcdn.goldapple.ru/p/p/3264700003/web/746f6e658ddc440bca4d773.jpg;242;211;180;#f2d3b4
Avon;Make up + care illuminating;Тональный крем для лица;;655;886;https://goldapple.ru/19000472186-make-up-care-illuminating;https://pcdn.goldapple.ru/p/p/19000472186/web/746f6e655f32376330313261336135306534656238396362333562383432396636366163308de19134ee74f2a.jpg;244;209;167;#f4d1a7
Avon;Make up + care illuminating;Тональный крем для лица;;655;886;https://goldapple.ru/19000472186-make-up-care-illuminating;https://pcdn.goldapple.ru/p/p/19000472184/web/746f6e655f34613766666564646235656334306637616565363663616434613135333836368de191348dd2142.jpg;244;228;213;#f4e4d5
Avon;Make up + care illuminating;Тональный крем для лица;;655;886;https://goldapple.ru/19000472186-make-up-care-illuminating;https://pcdn.goldapple.ru/p/p/19000472185/web/746f6e655f35333065333364316134363834343538396463666335646231613532316536348de19134d79890a.jpg;254;225;185;#fee1b9
Rimmel;Match perfection;Тональная основа для лица SPF 20;;609;968;https://goldapple.ru/3170200045-match-perfection;https://pcdn.goldapple.ru/p/p/3170200045/web/746f6e658ddc41160b1555d.jpg;227;191;159;#e3bf9f
Rimmel;Match perfection;Тональная основа для лица SPF 20;;609;968;https://goldapple.ru/3170200045-match-perfection;https://pcdn.goldapple.ru/p/p/19000408660/web/746f6e658ddc5eab6794a2c.jpg;196;135;104;#c48768
Rimmel;Match perfection;Тональная основа для лица SPF 20;;609;968;https://goldapple.ru/3170200045-match-perfection;https://pcdn.goldapple.ru/p/p/19000408661/web/746f6e658ddc5eab685d8e1.jpg;190;128;87;#be8057
Parisa Cosmetics;Silky Touch;Тональный крем для лица;;192;321;https://goldapple.ru/19000313708-silky-touch;https://pcdn.goldapple.ru/p/p/19000313708/web/746f6e658ddc591dc184792.jpg;240;215;195;#f0d7c3
Parisa Cosmetics;Silky Touch;Тональный крем для лица;;192;321;https://goldapple.ru/19000313708-silky-touch;https://pcdn.goldapple.ru/p/p/19000313705/web/746f6e658ddc591d7e65c5b.jpg;210;177;161;#d2b1a1
Parisa Cosmetics;Silky Touch;Тональный крем для лица;;192;321;https://goldapple.ru/19000313708-silky-touch;https://pcdn.goldapple.ru/p/p/19000313706/web/746f6e658ddc591d7e14caa.jpg;242;220;206;#f2dcce
Rimmel;Lasting Finish;Тональная основа для лица;;717;1071;https://goldapple.ru/19000270275-lasting-finish;https://pcdn.goldapple.ru/p/p/19000270275/web/746f6e655f32356437623538363239653634396336386239356431383136393538323961618ddfab4993d7d7f.jpg;201;164;137;#c9a489
Rimmel;Lasting Finish;Тональная основа для лица;;717;1071;https://goldapple.ru/19000270275-lasting-finish;https://pcdn.goldapple.ru/p/p/19000270276/web/746f6e655f38386332656265353835643134346466623566343935613731663439656532368ddfab4998fa7d6.jpg;199;160;131;#c7a083
Rimmel;Lasting Finish;Тональная основа для лица;;717;1071;https://goldapple.ru/19000270275-lasting-finish;https://pcdn.goldapple.ru/p/p/19000270277/web/746f6e655f39363463373436616230306434663738613439303532316432316633343562618ddfab499aba31c.jpg;210;165;134;#d2a586
DARLING*;Everyday Hero;Тональный стик;;1092;1820;https://goldapple.ru/19000296972-everyday-hero;https://pcdn.goldapple.ru/p/p/19000296972/web/746f6e658ddc5a195273354.jpg;220;191;175;#dcbfaf
DARLING*;Everyday Hero;Тональный стик;;1092;1820;https://goldapple.ru/19000296972-everyday-hero;https://pcdn.goldapple.ru/p/p/19000015898/web/746f6e658ddc4922d13994d.jpg;235;176;132;#ebb084
DARLING*;Everyday Hero;Тональный стик;;1092;1820;https://goldapple.ru/19000296972-everyday-hero;https://pcdn.goldapple.ru/p/p/19000015899/web/746f6e658ddc4922a45429c.jpg;248;214;186;#f8d6ba
STARWAY;Soft Matte Complete Foundation;Тональный крем-корректор;;945;1350;https://goldapple.ru/99000114182-soft-matte-complete-foundation;https://pcdn.goldapple.ru/p/p/99000114182/web/746f6e655f61366262363532633534656634393139623761333031376635663066663435388de58ebbdf87928.jpg;253;199;155;#fdc79b
STARWAY;Soft Matte Complete Foundation;Тональный крем-корректор;;945;1350;https://goldapple.ru/99000114182-soft-matte-complete-foundation;https://pcdn.goldapple.ru/p/p/99000114183/web/746f6e655f35306363373664336235396534373134613538643665393961356538346639638de58ebc2cde61a.jpg;238;197;135;#eec587
STARWAY;Soft Matte Complete Foundation;Тональный крем-корректор;;945;1350;https://goldapple.ru/99000114182-soft-matte-complete-foundation;https://pcdn.goldapple.ru/p/p/99000114185/web/746f6e655f31343233643238333931643334663136383361613632663766646235326139378de58ebc301c842.jpg;240;184;137;#f0b889
THE WHOO;Gong jin hyang: Mi Luxury Golden;Тональный кушон и рефил для лица SPF 50+;;4556;5063;https://goldapple.ru/19000350819-gongjinhyang-mi-luxury-golden;https://pcdn.goldapple.ru/p/p/19000350819/web/746f6e655f37336562393031313165306334353063386331626533656133386630613133638de68b9fa114bc9.jpg;233;170;116;#e9aa74
THE WHOO;Gong jin hyang: Mi Luxury Golden;Тональный кушон и рефил для лица SPF 50+;;4556;5063;https://goldapple.ru/19000350819-gongjinhyang-mi-luxury-golden;https://pcdn.goldapple.ru/p/p/19000350820/web/746f6e655f38303666333236613962303234653934386639396438313937336236373664368de68b9f7825179.jpg;227;161;101;#e3a165
Erborian;BB Creme mini;BB крем для лица SPF 20;;1883;2691;https://goldapple.ru/19000172426-bb-creme-mini;https://pcdn.goldapple.ru/p/p/19000172426/web/746f6e658ddc542c0a82da1.jpg;220;184;160;#dcb8a0
Erborian;BB Creme mini;BB крем для лица SPF 20;;1883;2691;https://goldapple.ru/19000172426-bb-creme-mini;https://pcdn.goldapple.ru/p/p/19000159252/web/746f6e658ddc53639256cae.jpg;242;217;194;#f2d9c2
Erborian;BB Creme mini;BB крем для лица SPF 20;;1883;2691;https://goldapple.ru/19000172426-bb-creme-mini;https://pcdn.goldapple.ru/p/p/19000182933/web/746f6e658ddc549e629292b.jpg;213;167;133;#d5a785
Ph.Hubby;Beige BB Tone Up Sun;Тонирующий солнцезащитный крем для лица SPF 50+ PA++++;;1092;2427;https://goldapple.ru/19000136360-beige-bb-tone-up-sun;https://pcdn.goldapple.ru/p/p/19000136360/web/746f6e658ddc52864bf3f10.jpg;239;223;208;#efdfd0
Max Philip;Elegant Matte;Тональный крем для лица;;1900;;https://goldapple.ru/19000264843-elegant;https://pcdn.goldapple.ru/p/p/19000264843/web/746f6e658ddc578960987a6.jpg;231;195;171;#e7c3ab
Max Philip;Elegant Matte;Тональный крем для лица;;1900;;https://goldapple.ru/19000264843-elegant;https://pcdn.goldapple.ru/p/p/19000264824/web/746f6e658ddc578964366f7.jpg;225;189;163;#e1bda3
Max Philip;Elegant Matte;Тональный крем для лица;;1900;;https://goldapple.ru/19000264843-elegant;https://pcdn.goldapple.ru/p/p/19000264842/web/746f6e658ddc57893d1ecfa.jpg;229;201;179;#e5c9b3
3INA;THE EVERY SINGLE DAY FOUNDATION;Легкая тональная основа для лица SPF 50;;2835;3150;https://goldapple.ru/19000460672-the-every-single-day;https://pcdn.goldapple.ru/p/p/19000460672/web/746f6e655f62333834643331346665393634383435383034663732303665353538663236658de1542981d5ada.jpg;239;192;148;#efc094
3INA;THE EVERY SINGLE DAY FOUNDATION;Легкая тональная основа для лица SPF 50;;2835;3150;https://goldapple.ru/19000460672-the-every-single-day;https://pcdn.goldapple.ru/p/p/19000460666/web/746f6e655f66393861643833313838346634376439623538656636363065646431656132308de1542691404d8.jpg;249;222;193;#f9dec1
3INA;THE EVERY SINGLE DAY FOUNDATION;Легкая тональная основа для лица SPF 50;;2835;3150;https://goldapple.ru/19000460672-the-every-single-day;https://pcdn.goldapple.ru/p/p/19000460667/web/746f6e655f38333764386165663634663634653265626338303234363135303139313266628de15427e5f6ba5.jpg;243;204;165;#f3cca5
Bourjois;Healthy Mix Clean;Тональный крем;;997;1445;https://goldapple.ru/19000270135-healthy-mix-clean;https://pcdn.goldapple.ru/p/p/19000270135/web/746f6e655f35646664653938393931326434346634393933376635623662363638666330628ddca3b038ad369.jpg;222;185;156;#deb99c
Bourjois;Healthy Mix Clean;Тональный крем;;997;1445;https://goldapple.ru/19000270135-healthy-mix-clean;https://pcdn.goldapple.ru/p/p/19000176078/web/746f6e658ddc55c03771ebb.jpg;232;189;154;#e8bd9a
Bourjois;Healthy Mix Clean;Тональный крем;;997;1445;https://goldapple.ru/19000270135-healthy-mix-clean;https://pcdn.goldapple.ru/p/p/19000176079/web/746f6e658ddc55c037c9b14.jpg;221;173;137;#ddad89
MKATL COSMETICS;long wear liquid;тональный крем для лица;;3564;3960;https://goldapple.ru/99000112032-long-wear-liquid;https://pcdn.goldapple.ru/p/p/99000112032/web/746f6e655f34333932653436373339386334663330623135313039373534396462616338388ddfaaa893a5d7f.jpg;241;207;172;#f1cfac
MKATL COSMETICS;long wear liquid;тональный крем для лица;;3564;3960;https://goldapple.ru/99000112032-long-wear-liquid;https://pcdn.goldapple.ru/p/p/19000296259/web/746f6e658ddc5879ddff4ce.jpg;240;223;205;#f0dfcd
MKATL COSMETICS;long wear liquid;тональный крем для лица;;3564;3960;https://goldapple.ru/99000112032-long-wear-liquid;https://pcdn.goldapple.ru/p/p/19000296260/web/746f6e658ddc5879de3caad.jpg;237;214;198;#edd6c6
FOR ME by gold apple;CC CREAM;СС-крем для лица SPF 30 PA++;;1215;1350;https://goldapple.ru/19000257707-cc-cream;;;;;
PO2;Сover Cushion;кушон для устранения несовершенств SPF50+;;7000;8750;https://goldapple.ru/19000191945-sover-cushion;;;;;
SHIKstudio;Bronze;Крем-тон для тела;;1206;1723;https://goldapple.ru/19000406535-bronze;;;;;
